country,capital,continent,languages,government,population,flag_height,flag_width,flag_colors,flag_tags,first_flag_usage,adoption_current_flag,last_change_flag,surface_sqmi,surface_km2,density_sqmi,density_km2,border_len_mi,border_len_km,currency,cet,cest,internet_tld,country_letter_code,country_digit_code,calling_code,borders_to,countryflags_url,image_name
China,Peking (Beijing),Asia,Standard Chinese,Socialist one-party state,1374170000,2.0,3.0,"['red', 'yellow']","['plain', 'stars']",1949,1949,-,3705407,9596961,371,143,13762,22147,chinese yuan ¥ or 元 (cny),utc+08:00,utc+08:00,cn,chn,156,+86,"['afghanistan', 'bhutan', 'india', 'kazakhstan', 'korea, north', 'kyrgyzstan', 'laos', 'mongolia', 'myanmar', 'nepal']",https://www.countryflags.com/en/flag-of-china.html,china-flag.svg
India,New-Delhi,Asia,Hindi,Federal parliamentary constitutional republic,1282650000,2.0,3.0,"['blue', 'orange', 'white', 'green']","['circles', 'emblem', 'horizontal stripes']",-,1947,-,1269219,3287263,1011,390,87633,141031,indian rupee ₹ (inr),utc+05:30,utc+05:30,in,ind,356,+91,"['bangladesh', 'bhutan', 'china', 'myanmar', 'nepal', 'pakistan', 'sri lanka']",https://www.countryflags.com/en/flag-of-india.html,india-flag.svg
The United States - The USA - America,"Washington, D.C.",North America,English,Federal presidential constitutional republic,324220410,10.0,19.0,"['blue', 'red', 'white']","['horizontal stripes', 'rectangle', 'stars']",1818,1960,1960,3678190,9526468,88,34,7478,12034,united states dollar $ (usd),"utc−04:00 to utc−12:00, utc+10:00, utc+11:00",utc−04:00 to utc−10:00,us,usa,840,+1,"['canada', 'mexico']",https://www.countryflags.com/en/flag-of-united-states-the.html,united-states-of-america-flag.svg
Indonesia,Jakarta,Asia,Indonesian,Unitary presidential constitutional republic,258705000,2.0,3.0,"['red', 'white']",['horizontal stripes'],1881,1945,1881,735358,1904569,352,136,1758,2830,indonesian rupiah rp (idr),utc+07:00 to utc+09:00,utc+07:00 to utc+09:00,id,idn,360,+62,"['east timor', 'malaysia', 'papua new guinea']",https://www.countryflags.com/en/flag-of-indonesia.html,indonesia-flag.svg
Brazil,Brasília,South America,Portuguese,Federal presidential constitutional republic,205338000,7.0,10.0,"['blue', 'green', 'yellow', 'white']","['circles', 'stars', 'text', 'triangles']",1889,1992,1992,3287956,8515767,62,24,9129,14691,brazilian real r$ (brl),utc−02:00 to −05:00,utc−02:00 to −05:00,br,bra,076,+55,"['bolivia', 'argentina', 'colombia', 'guyana', 'paraguay', 'peru', 'suriname', 'uruguay', 'venezuela']",https://www.countryflags.com/en/flag-of-brazil.html,brazil-flag.svg
Pakistan,Islamabad,Asia,"English, Urdu",Federal parliamentary republic,192808344,2.0,3.0,"['green', 'white']","['moon', 'stars', 'vertical stripes']",-,1947,-,340508,881912,566,219,4209,6774,pakistani rupee ₨ (pkr),utc+05:00,utc+05:00,pk,pak,586,+92,"['afghanistan', 'china', 'india', 'iran']",https://www.countryflags.com/en/flag-of-pakistan.html,pakistan-flag.svg
Nigeria,Abuja,Africa,English,Federal presidential republic,186988000,1.0,2.0,"['green', 'white']",['vertical stripes'],-,1960,-,356669,923768,524,202,2515,4047,nigerische naira ₦ (ngn),utc+01:00,utc+01:00,ng,nga,566,+234,"['benin', 'cameroon', 'chad', 'niger']",https://www.countryflags.com/en/flag-of-nigeria.html,nigeria-flag.svg
Bangladesh,Dhaka,Asia,Bengali,Unitary parliamentary constitutional republic,163780949,3.0,5.0,"['red', 'green']","['circles', 'plain']",1971,1972,1972,56977,147570,2875,1110,2638,4246,bangladeshi taka ৳ (bdt),utc+06:00,utc+06:00,bd,bgd,050,+880,"['india', 'myanmar']",https://www.countryflags.com/en/flag-of-bangladesh.html,bangladesh-flag.svg
Russia,Moscow,Asia,Russian,Federal semi-presidential constitutional republic,146359316,2.0,3.0,"['blue', 'red', 'white']",['horizontal stripes'],1700,1991,1993,6601668,17098242,22,9,12438,20017,russian ruble (rub),utc+02:00 to utc+12:00,utc+02:00 to utc+12:00,ru,rus,643,+7,"['azerbaijan', 'belarus', 'china', 'estonia', 'finland', 'georgia', 'kazakhstan', 'korea, north', 'latvia', 'lithuania']",https://www.countryflags.com/en/flag-of-russia.html,russia-flag.svg
Japan,Tokio,Asia,Japanese,Unitary parliamentary constitutional monarchy,126880000,2.0,3.0,"['red', 'white']","['circles', 'plain']",-,1870,1999,145920,377930,870,336,0,0,japanese yen ¥ (jpy),utc+09:00,utc+09:00,jp,jpn,392,+81,[],https://www.countryflags.com/en/flag-of-japan.html,japan-flag.svg
Mexico,Mexico City,North America,Spanish,Federal presidential constitutional republic,122273500,4.0,7.0,"['red', 'white', 'green']","['animals', 'emblem', 'leaves', 'trees', 'vertical stripes']",1821,1968,1968,758449,1964375,161,62,2705,4353,mexican peso $ (mxn),utc−08:00 to utc−05:00,utc−07:00 to utc−05:00,mx,mex,484,+52,"['belize', 'guatemala', 'united states, the']",https://www.countryflags.com/en/flag-of-mexico.html,mexico-flag.svg
The Philippines,Manila,Asia,"Filipino, English",Unitary presidential constitutional republic,102259038,1.0,2.0,"['blue', 'red', 'yellow', 'white']","['horizontal stripes', 'stars', 'sun', 'triangles']",1898,1898,1998,115831,300000,883,341,0,0,philippine peso ₱ (php),utc+08:00,utc+08:00,ph,phl,608,+63,[],https://www.countryflags.com/en/flag-of-philippines-the.html,philippines-flag.svg
Vietnam,Hà Nội,Asia,Vietnamese,Socialist one-party state,94493945,2.0,3.0,"['red', 'yellow']","['plain', 'stars']",-,1945,-,127882,331212,739,285,2883,4639,vietnamese đồng ₫ (vnd),utc+07:00,utc+07:00,vn,vnm,704,+84,"['cambodia', 'china', 'laos']",https://www.countryflags.com/en/flag-of-vietnam.html,vietnam-flag.svg
Ethiopia,Addis Abeba,Africa,Amharic,Federal parliamentary republic,92206005,1.0,2.0,"['blue', 'green', 'red', 'yellow']","['circles', 'horizontal stripes', 'stars']",1996,1996,2009,426373,1104300,216,83,3311,5328,ethiopian birr br (etb),utc+03:00,utc+03:00,et,eth,231,+251,"['djibouti', 'eritrea', 'kenya', 'somalia', 'south sudan', 'sudan']",https://www.countryflags.com/en/flag-of-ethiopia.html,ethiopia-flag.svg
Egypt,Cairo,Africa,Arabic,Unitary semi-presidential republic,90180000,2.0,3.0,"['red', 'yellow', 'white', 'black']","['animals', 'emblem', 'horizontal stripes', 'shields', 'text']",1953,1984,1984,387048,1002450,233,90,1656,2665,egyptian pound £ or ج.م (egp),utc+02:00,utc+02:00,eg,egy,818,+20,"['israel', 'libya', 'sudan']",https://www.countryflags.com/en/flag-of-egypt.html,egypt-flag.svg
The Democratic Republic of the Congo Kinshasa,Kinshasa,Africa,French,Unitary semi-presidential republic,85026000,3.0,4.0,"['blue', 'red', 'yellow']","['diagonal stripes', 'stars']",1963,2006,2006,905355,2344858,94,36,6667,10730,congolese franc fr (cdf),utc+01:00 to utc+02:00,utc+01:00 to utc+02:00,cd,cod,180,+243,"['angola', 'burundi', 'central-african republic, the', 'congo, republic of the', 'rwanda', 'south sudan', 'tanzania', 'uganda', 'zambia']",https://www.countryflags.com/en/flag-of-congo-democratic-republic-of-the.html,congo-democratic-republic-of-the-flag.svg
Germany,Berlin,Europe,German,Federal parliamentary constitutional republic,81292400,3.0,5.0,"['red', 'yellow', 'black']",['horizontal stripes'],1848,1918,1949,137882,357114,590,228,2250,3621,euro € (eur),utc+01:00,utc+02:00,de,deu,276,+49,"['austria', 'belgium', 'czech republic, the', 'denmark', 'france', 'luxembourg', 'netherlands, the', 'poland', 'switzerland']",https://www.countryflags.com/en/flag-of-germany.html,germany-flag.svg
Turkey,Ankara,Asia,Turkish,Unitary parliamentary constitutional republic,80060591,2.0,3.0,"['red', 'white']","['moon', 'plain', 'stars']",1793,1844,1936,302535,783562,265,102,1645,2648,turkish lira (try),utc+02:00,utc+03:00,tr,tur,792,+90,"['armenia', 'azerbaijan', 'bulgaria', 'georgia', 'greece', 'iran', 'iraq', 'syria']",https://www.countryflags.com/en/flag-of-turkey.html,turkey-flag.svg
Iran,Teheran,Asia,Persian,Islamic Republic - Theocratic-republican hybrid; unitary presidential republic subject to a Supreme Leader,78918400,4.0,7.0,"['red', 'white', 'green']","['emblem', 'horizontal stripes', 'pattern']",1980,1980,1980,636372,1648195,124,48,3380,5440,iranian rial ﷼ (irr),utc+03:30,utc+04:30,ir,irn,364,+98,"['afghanistan', 'armenia', 'azerbaijan', 'iraq', 'pakistan', 'turkey', 'turkmenistan']",https://www.countryflags.com/en/flag-of-iran.html,iran-flag.svg
Thailand,Bangkok,Asia,Thai,Constitutional monarchy under military junta,68224844,2.0,3.0,"['blue', 'red', 'white']",['horizontal stripes'],-,1917,-,198117,513120,344,133,3022,4863,thai baht ฿ (thb),utc+07:00,utc+07:00,th,tha,764,+66,"['cambodia', 'laos', 'malaysia', 'myanmar']",https://www.countryflags.com/en/flag-of-thailand.html,thailand-flag.svg
France,Paris,Europe,French,Unitary semi‑presidential constitutional republic,66539000,2.0,3.0,"['blue', 'red', 'white']",['vertical stripes'],1794,1830,1830,247368,640679,269,104,1795,2889,euro € (eur),utc+01:00,utc+02:00,fr,fra,250,+33,"['andorra', 'belgium', 'germany', 'italy', 'luxembourg', 'monaco', 'spain', 'switzerland']",https://www.countryflags.com/en/flag-of-france.html,france-flag.svg
The United Kingdom,London,Europe,English,Unitary parliamentary constitutional monarchy,65129351,1.0,2.0,"['blue', 'red', 'white']","['cross', 'diagonal stripes', 'union jack']",1801,1801,1801,93628,242495,696,269,224,360,british pound £ (gbp),utc+00:00,utc+01:00,gb,gbr,826,+44,['ireland'],https://www.countryflags.com/en/flag-of-united-kingdom-the.html,united-kingdom-flag.svg
Italy,Rome,Europe,Italian,Unitary parliamentary constitutional republic,60685487,2.0,3.0,"['red', 'white', 'green']",['vertical stripes'],1796,1948,1948,116346,301336,522,201,1200,1932,euro € (eur),utc+01:00,utc+02:00,it,ita,380,+39,"['austria', 'france', 'san marino', 'slovenia', 'switzerland', 'vatican city']",https://www.countryflags.com/en/flag-of-italy.html,italy-flag.svg
Tanzania,Dodoma,Africa,"Swahili, English",Unitary presidential constitutional republic,55129193,2.0,3.0,"['blue', 'green', 'yellow', 'black']",['diagonal stripes'],-,1964,-,364900,945087,151,58,2399,3861,tanzanian shilling sh (tzs),utc+03:00,utc+03:00,tz,tza,834,+255,"['burundi', 'congo, democratic republic of the', 'kenya', 'malawi', 'mozambique', 'rwanda', 'uganda', 'zambia']",https://www.countryflags.com/en/flag-of-tanzania.html,tanzania-flag.svg
South Africa,Pretoria,Africa,"African, English, Ndebele, Northern Sotho, Sotho, Swazi, Tsonga, Tswana, Venda, Xhosa, Zulu",Unitary constitutional parliamentary republic,55104162,2.0,3.0,"['blue', 'green', 'red', 'yellow', 'white', 'black']","['diagonal stripes', 'horizontal stripes', 'triangles']",1994,1994,1994,471445,1221037,117,45,3021,4862,south african rand r (zar),utc+02:00,utc+02:00,za,zaf,710,+27,"['botswana', 'lesotho', 'mozambique', 'namibia', 'swaziland', 'zimbabwe']",https://www.countryflags.com/en/flag-of-south-africa.html,south-africa-flag.svg
Myanmar,Naypyidaw,Asia,Burmese,Unitary parliamentary republic,54363000,2.0,3.0,"['red', 'green', 'yellow', 'white']","['horizontal stripes', 'stars']",2010,2010,2010,261228,676578,208,80,3651,5876,burmese kyat ks (mmk),utc+06:30,utc+06:30,mm,mmr,104,+95,"['bangladesh', 'china', 'india', 'laos', 'thailand']",https://www.countryflags.com/en/flag-of-myanmar.html,myanmar-flag.svg
South Korea,Seoul,Asia,Korean,Unitary presidential constitutional republic,51529338,2.0,3.0,"['blue', 'red', 'white', 'black']","['circles', 'diagonal stripes', 'emblem', 'plain']",1882,1883,1948,38691,100210,1332,514,148,238,south korean won ₩ (krw),utc+09:00,utc+09:00,kr,kor,410,+82,"['korea, north']",https://www.countryflags.com/en/flag-of-korea-south.html,south-korea-flag.svg
Colombia,Santa Fé de Bogotá,South America,Spanish,Unitary presidential constitutional republic,48471400,2.0,3.0,"['blue', 'red', 'yellow']",['horizontal stripes'],1810,1861,1949,440831,1141748,110,42,3731,6004,colombian peso $ (cop),utc-05:00,utc-05:00,co,col,170,+57,"['brazil', 'ecuador', 'panama', 'peru', 'venezuela']",https://www.countryflags.com/en/flag-of-colombia.html,colombia-flag.svg
Kenya,Nairobi,Africa,"English, Swahili",Presidential Republic,47251000,2.0,3.0,"['red', 'green', 'black', 'white']","['horizontal stripes', 'shields', 'weapons']",-,1963,-,224081,580367,211,81,2161,3477,kenyan shilling sh (kes),utc+03:00,utc+03:00,ke,ken,404,+254,"['ethiopia', 'somalia', 'south sudan', 'tanzania', 'uganda']",https://www.countryflags.com/en/flag-of-kenya.html,kenya-flag.svg
Spain,Madrid,Europe,Spanish,Unitary parliamentary constitutional monarchy,46048074,2.0,3.0,"['blue', 'green', 'red', 'yellow', 'white', 'black']","['animals', 'buildings', 'crowns', 'horizontal stripes', 'shields']",1785,1981,1981,195365,505992,236,91,1192,1918,euro € (eur),utc+01:00,utc+02:00,es,esp,724,+34,"['andorra', 'france', 'portugal', 'morocco']",https://www.countryflags.com/en/flag-of-spain.html,spain-flag.svg
Argentina,Buenos Aires,South America,Spanish,Federal presidential constitutional republic,44071590,9.0,14.0,"['blue', 'white']","['emblem', 'horizontal stripes', 'sun']",1812,1818,2012,1073518,2780400,41,16,6006,9665,argentine peso $ (ars),utc-03:00,utc-03:00,ar,arg,032,+54,"['bolivia', 'brazil', 'chile', 'paraguay', 'uruguay']",https://www.countryflags.com/en/flag-of-argentina.html,argentina-flag.svg
Ukraine,Kiev,Europe,Ukrainian,Unitary semi-presidential constitutional republic,42540288,2.0,3.0,"['blue', 'yellow']",['horizontal stripes'],1848,1992,1918,233013,603500,183,70,2897,4663,"ukrainian hryvnia ₴ (uah), russian ruble (rub)",utc+02:00,utc+03:00,ua,ukr,804,+380,"['belarus', 'hungary', 'moldova', 'poland', 'romania', 'russia', 'slovakia']",https://www.countryflags.com/en/flag-of-ukraine.html,ukraine-flag.svg
Algeria,Algiers,Africa,Arabic,Unitary semi-presidential republic,40763971,2.0,3.0,"['green', 'white', 'red']","['moon', 'stars', 'vertical stripes']",1962,1962,-,919595,2381741,44,17,3941,6343,dinar (dzd),utc+01:00,utc+01:00,dz,dza,012,+213,"['libya', 'mali', 'mauritania', 'morocco', 'niger', 'tunisia']",https://www.countryflags.com/en/flag-of-algeria.html,algeria-flag.svg
Uganda,Kampala,Africa,"English, Swahili",Dominant-party semi-presidential republic,40279998,2.0,3.0,"['red', 'yellow', 'white', 'black', 'gray']","['animals', 'circles', 'horizontal stripes']",-,1962,-,93065,241038,433,167,1676,2698,ugandan shilling sh (ugx),utc+03:00,utc+03:00,ug,uga,800,+256,"['congo, democratic republic of the', 'kenya', 'rwanda', 'south sudan', 'tanzania']",https://www.countryflags.com/en/flag-of-uganda.html,uganda-flag.svg
Sudan,Khartum,Africa,"Arabic, English",Dominant-party federal presidential republic,39598700,1.0,2.0,"['red', 'green', 'black', 'white']","['horizontal stripes', 'triangles']",1970,1970,1970,728215,1886068,54,21,4203,6764,sudanese pound ج.س. (sdg),utc+03:00,utc+03:00,sd,sdn,736,+249,"['central-african republic, the', 'chad', 'egypt', 'eritrea', 'ethiopia', 'libya', 'south sudan']",https://www.countryflags.com/en/flag-of-sudan.html,sudan-flag.svg
Poland,Warschau,Europe,Polish,Parliamentary republic,38484000,5.0,8.0,"['red', 'white']",['horizontal stripes'],1831,1919,1921,120726,312679,319,123,1732,2788,polish złoty zł (pln),utc+01:00,utc+02:00,pl,pol,616,+48,"['belarus', 'czech republic, the', 'germany', 'lithuania', 'russia', 'slovakia', 'ukraine']",https://www.countryflags.com/en/flag-of-poland.html,poland-flag.svg
Iraq,Bagdad,Asia,"Arabic, Kurdish",Federal parliamentary republic,36575000,2.0,3.0,"['red', 'green', 'black', 'white']","['horizontal stripes', 'text']",1963,2008,2008,169235,438317,216,83,2268,3650,iraqi dinar ع.د (iqd),utc+03:00,utc+03:00,iq,irq,368,+964,"['iran', 'jordan', 'kuwait', 'saudi arabia', 'syria', 'turkey']",https://www.countryflags.com/en/flag-of-iraq.html,iraq-flag.svg
Canada,Ottawa,North America,"English, French",Federal parliamentary constitutional monarchy,35985751,1.0,2.0,"['red', 'white']","['emblem', 'leaves', 'vertical stripes']",1965,1965,1965,3855103,9984670,9,4,5526,8893,canadian dollar $ (cad),utc−03:50 to utc−08:00,utc−02:50 to utc−07:00,ca,can,124,+1,"['united states, the']",https://www.countryflags.com/en/flag-of-canada.html,canada-flag.svg
Morocco,Rabat,Africa,"Arabic, Berber",Unitary parliamentary constitutional monarchy,33337529,2.0,3.0,"['red', 'green']","['plain', 'stars']",1244,1915,1915,172414,446550,193,75,1254,2018,moroccan dirham د.م. (mad),utc+00:00,utc+01:00,ma,mar,504,+212,"['algeria', 'spain']",https://www.countryflags.com/en/flag-of-morocco.html,morocco-flag.svg
Afghanistan,Kabul,Asia,Pashto and Dari,Unitary presidential Islamic republic,32564342,2.0,3.0,"['black', 'red', 'green', 'white']","['buildings', 'circles', 'emblem', 'leaves', 'text', 'vertical stripes']",1928,2002,2004,251827,652230,129,50,3436,5529,afghani (afn),utc+4:30,utc+4:30,af,afg,004,+93,"['china', 'iran', 'pakistan', 'tajikistan', 'turkmenistan', 'uzbekistan']",https://www.countryflags.com/en/flag-of-afghanistan.html,afghanistan-flag.svg
Saudi Arabia,Riad,Asia,Arabic,absolute monarchy by divine right,32289252,2.0,3.0,"['green', 'white']","['plain', 'text', 'weapons']",1932,1973,1973,830000,2149690,39,15,2753,4431,saudi riyal ر.س (sar),utc+03:00,utc+03:00,sa,sau,682,+966,"['iraq', 'jordan', 'kuwait', 'oman', 'qatar', 'united arab emirates, the', 'yemen']",https://www.countryflags.com/en/flag-of-saudi-arabia.html,saudi-arabia-flag.svg
Peru,Lima,South America,"Spanish, Quechua, Aymara",Unitary presidential constitutional republic,31784000,2.0,3.0,"['red', 'white']",['vertical stripes'],1822,1825,-,496225,1285216,64,25,3440,5536,peruvian nuevo sol s/. (pen),utc-05:00,utc-05:00,pe,per,604,+51,"['bolivia', 'brazil', 'chile', 'colombia', 'ecuador']",https://www.countryflags.com/en/flag-of-peru.html,peru-flag.svg
Venezuela,Caracas,South America,Spanish,Federal presidential constitutional republic,31550998,2.0,3.0,"['blue', 'red', 'yellow', 'white']","['horizontal stripes', 'stars']",1810,2006,2006,353841,916445,89,34,3103,4993,venezuelan bolívar bs f (vef),utc-04:30,utc-04:30,ve,ven,862,+58,"['brazil', 'colombia', 'guyana']",https://www.countryflags.com/en/flag-of-venezuela.html,venezuela-flag.svg
Malaysia,Kuala Lumpur,Asia,"Bahasa Malaysia, English","Federal parliamentary constitutional monarchy, Elective monarchy",30820500,1.0,2.0,"['blue', 'red', 'yellow', 'white']","['horizontal stripes', 'moon', 'rectangle', 'stars']",1950,1950,1963,127724,330803,241,93,1955,3147,malaysian ringgit rm (myr),utc+08:00,utc+08:00,my,mys,458,+60,"['brunei', 'indonesia', 'thailand']",https://www.countryflags.com/en/flag-of-malaysia.html,malaysia-flag.svg
Uzbekistan,Taschkent,Asia,Uzbek,Presidential republic,30345933,1.0,2.0,"['blue', 'green', 'red', 'white']","['horizontal stripes', 'moon', 'stars']",1991,1991,1991,172742,447400,176,68,3866,6221,uzbekistani som (uzs),utc+05:00,utc+05:00,uz,uzb,860,+998,"['afghanistan', 'kazakhstan', 'kyrgyzstan', 'tajikistan', 'turkmenistan']",https://www.countryflags.com/en/flag-of-uzbekistan.html,uzbekistan-flag.svg
Nepal,Kathmandu,Asia,Nepali,Federal parliamentary republic,28431500,1.0,1.21901033,"['blue', 'red', 'white']","['moon', 'stars', 'sun', 'triangles']",-,1743,1962,56827,147181,500,193,1818,2926,nepalese rupee ₨ (npr),utc+05:45,utc+05:45,np,npl,524,+977,"['china', 'india']",https://www.countryflags.com/en/flag-of-nepal.html,nepal-flag.svg
Yemen,Sanaa,Asia,Arabic,disputed,27527990,2.0,3.0,"['red', 'white', 'black']",['horizontal stripes'],1990,1990,-,203850,527968,135,52,1085,1746,yemeni rial ﷼ (yer),utc+03:00,utc+03:00,ye,yem,887,+967,"['oman', 'saudi arabia']",https://www.countryflags.com/en/flag-of-yemen.html,yemen-flag.svg
Ghana,Accra,Africa,English,Unitary presidential constitutional republic,27043093,2.0,3.0,"['red', 'green', 'yellow', 'black']","['horizontal stripes', 'stars']",1957,1966,1957,92098,238533,294,113,1301,2094,ghana cedi ₵ (ghs),utc+00:00,utc+00:00,gh,gha,288,+233,"['burkina faso', ""côte d' ivoire"", 'togo']",https://www.countryflags.com/en/flag-of-ghana.html,ghana-flag.svg
Mozambique,Maputo,Africa,Portuguese,Unitary presidential republic,26423700,2.0,3.0,"['red', 'green', 'yellow', 'white', 'black']","['emblem', 'horizontal stripes', 'stars', 'triangles', 'weapons']",1975,1983,1983,309496,801590,85,33,2840,4571,mozambican metical mt (mzn),utc+02:00,utc+02:00,mz,moz,508,+258,"['malawi', 'south africa', 'swaziland', 'tanzania', 'zambia', 'zimbabwe']",https://www.countryflags.com/en/flag-of-mozambique.html,mozambique-flag.svg
Angola,Luanda,Africa,Portuguese,Unitary presidential republic,26197332,2.0,3.0,"['red', 'yellow', 'black']","['emblem', 'horizontal stripes', 'stars', 'weapons']",1975,1975,1975,481354,1246700,54,21,3230,5198,angolan kwanza kz (aoa),utc+01:00,utc+01:00,ao,ago,024,+244,"['congo, democratic republic of the', 'congo, republic of the', 'namibia', 'zambia']",https://www.countryflags.com/en/flag-of-angola.html,angola-flag.svg
North Korea,Pyongyang,Asia,Korean,Juche one-party state (various interpretations),25281000,1.0,2.0,"['blue', 'red', 'white']","['circles', 'emblem', 'horizontal stripes', 'stars']",-,1948,-,46540,120538,543,210,1040,1673,north korean won ₩ (kpw),utc+09:00,utc+09:00,kp,prk,408,+850,"['china', 'korea, south', 'russia']",https://www.countryflags.com/en/flag-of-korea-north.html,north-korea-flag.svg
Australia,Canberra,Oceania,English,Federal parliamentary constitutional monarchy,24522088,1.0,2.0,"['blue', 'red', 'white']","['rectangle', 'stars', 'union jack']",1901,1901,1934,2969907,7692024,8,3,0,0,australian dollar $ (aud),utc+08:00 to +10.5,utc+08:00 to +11.5,au,aus,036,+61,[],https://www.countryflags.com/en/flag-of-australia.html,australia-flag.svg
Cameroon,Yaoundé,Africa,"French, English",Dominant-party presidential republic,23924000,2.0,3.0,"['red', 'green', 'yellow']","['stars', 'vertical stripes']",1957,1975,1975,183569,475442,130,50,2853,4591,central african cfa franc fr (xaf),utc+01:00,utc+01:00,cm,cmr,120,+237,"['central-african republic, the', 'chad', 'congo, republic of the', 'equatorial guinea', 'gabon', 'nigeria']",https://www.countryflags.com/en/flag-of-cameroon.html,cameroon-flag.svg
Taiwan - the Republic of China,Taipei,Asia,Mandarin,Unitary semi-presidential constitutional republic,23505531,2.0,3.0,"['blue', 'red', 'white']","['plain', 'rectangle', 'sun']",-,1921,-,13974,36193,1682,649,0,0,new taiwan dollar $ (twd),utc+08:00,utc+08:00,tw,twn,158,+886,[],https://www.countryflags.com/en/flag-of-taiwan.html,taiwan-flag.svg
Ivory Coast - Côte d'Ivoire,Yamoussoukro,Africa,French,Unitary semi-presidential republic,22671331,2.0,3.0,"['green', 'white', 'orange']",['vertical stripes'],-,1959,-,124504,322463,182,70,1932,3110,west african cfa franc fr (xof),utc+00:00,utc+00:00,ci,civ,384,+225,"['burkina faso', 'ghana', 'guinea', 'liberia', 'mali']",https://www.countryflags.com/en/flag-of-cote-d-ivoire.html,cote-d-ivoire-flag.svg
Madagascar,Antananarivo,Africa,"Malagasy, French",Unitary semi-presidential republic,22434363,2.0,3.0,"['red', 'white', 'green']","['horizontal stripes', 'rectangle']",-,1958,-,226658,587041,99,38,0,0,malagasy ariary ar (mga) since 2003,utc+03:00,utc+03:00,mg,mdg,450,+261,[],https://www.countryflags.com/en/flag-of-madagascar.html,madagascar-flag.svg
Sri Lanka,Sri Jayewardenapura Kotte,Asia,"Sinhalese, Tamil",Unitary semi-presidential constitutional republic,20966000,1.0,2.0,"['red', 'green', 'yellow', 'orange']","['animals', 'rectangle', 'vertical stripes']",1879,1972,1948,25332,65610,828,320,1,1,sri lankan rupee rs or රු (lkr),utc+05:30,utc+05:30,lk,lka,144,+94,['india'],https://www.countryflags.com/en/flag-of-sri-lanka.html,sri-lanka-flag.svg
Niger,Niamey,Africa,French,Unitary semi-presidential republic,20715000,6.0,7.0,"['green', 'white', 'orange']","['circles', 'horizontal stripes']",-,1959,-,489191,1267000,42,16,3540,5697,west african cfa franc fr (xof),utc+01:00,utc+01:00,ne,ner,562,227,"['algeria', 'benin', 'burkina faso', 'chad', 'libya', 'mali', 'nigeria']",https://www.countryflags.com/en/flag-of-niger.html,niger-flag.svg
Romania,Bucharest,Europe,Romanian,Unitary semi-presidential republic,19350847,2.0,3.0,"['blue', 'red', 'yellow']",['vertical stripes'],1867,1989,1989,92043,238391,210,81,1558,2508,romanian leu lei (ron),utc+02:00,utc+03:00,ro,rou,642,+40,"['bulgaria', 'hungary', 'moldova', 'serbia', 'ukraine']",https://www.countryflags.com/en/flag-of-romania.html,romania-flag.svg
Burkina Faso,Ouagadougou,Africa,"French, Mòoré, Mandinka, Bambara",Republic,18450494,2.0,3.0,"['red', 'green', 'yellow']","['horizontal stripes', 'stars']",1984,1984,1984,105878,274222,174,67,1984,3193,west african cfa fr (xof),utc+00:00,utc+00:00,bf,bfa,854,+226,"['benin', ""côte d' ivoire"", 'ghana', 'mali', 'niger', 'togo']",https://www.countryflags.com/en/flag-of-burkina-faso.html,burkina-faso-flag.svg
Chile,Santiago,South America,Spanish,Unitary presidential constitutional republic,18191900,2.0,3.0,"['blue', 'red', 'white']","['horizontal stripes', 'square', 'stars']",1817,1817,1854,291933,756102,62,24,3834,6171,chilean peso $ (clp),utc−03:00 and utc−05:00,utc−03:00 and utc−05:00,cl,chl,152,+56,"['argentina', 'bolivia', 'peru']",https://www.countryflags.com/en/flag-of-chile.html,chile-flag.svg
Mali,Bamako,Africa,French,Unitary semi-presidential republic,18135000,2.0,3.0,"['red', 'green', 'yellow']",['vertical stripes'],-,1961,-,478841,1240192,38,15,4501,7243,west african cfa franc fr (xof),utc+00:00,utc+00:00,ml,mli,466,+223,"['algeria', 'burkina faso', ""côte d' ivoire"", 'guinea', 'mauritania', 'niger', 'senegal']",https://www.countryflags.com/en/flag-of-mali.html,mali-flag.svg
Syria,Damascus,Asia,Arabic,Unitary dominant-party semi-presidential republic,18007551,2.0,3.0,"['red', 'green', 'black', 'white']","['horizontal stripes', 'stars']",1958,1980,1980,71498,185180,252,97,1400,2253,syrian pound £ or ل.س (syp),utc+02:00,utc+03:00,sy,syr,760,+963,"['iraq', 'israel', 'jordan', 'lebanon', 'turkey']",https://www.countryflags.com/en/flag-of-syria.html,syria-flag.svg
Kazakhstan,Astana,Asia,"Kazakh, Russian",Unitary dominant-party presidential republic,17630700,1.0,2.0,"['blue', 'yellow']","['animals', 'pattern', 'plain', 'sun']",1992,1992,1992,1052090,2724900,17,6,7464,12012,kazakhstani tenge (kzt),utc+05:00 to utc+06:00,utc+05:00 to utc+06:00,kz,kaz,398,+7,"['china', 'kyrgyzstan', 'russia', 'turkmenistan', 'uzbekistan']",https://www.countryflags.com/en/flag-of-kazakhstan.html,kazakhstan-flag.svg
The Netherlands,Amsterdam,Europe,Dutch,Unitary parliamentary constitutional monarchy,17020060,2.0,3.0,"['blue', 'red', 'white']",['horizontal stripes'],1572,1572,1937,16158,41850,1053,407,638,1027,euro € (eur),utc+01:00,utc+02:00,nl,nld,528,+31,"['belgium', 'germany']",https://www.countryflags.com/en/flag-of-netherlands-the.html,netherlands-flag.svg
Malawi,Lilongwe,Africa,English,Unitary presidential republic,16832910,2.0,3.0,"['red', 'green', 'black']","['horizontal stripes', 'sun']",1964,2012,1964,45747,118484,368,142,1790,2881,malawiske kwacha mk (mwk)...,utc+02:00,utc+02:00,mw,mwi,454,+265,"['mozambique', 'tanzania', 'zambia']",https://www.countryflags.com/en/flag-of-malawi.html,malawi-flag.svg
Zambia,Lusaka,Africa,English,Presidential republic,16694761,2.0,3.0,"['red', 'green', 'black', 'orange']","['animals', 'plain', 'vertical stripes']",1964,1964,1996,290585,752612,57,22,3521,5667,zambian kwacha zk (zmw),utc+02:00,utc+02:00,zm,zmb,894,+260,"['angola', 'botswana', 'congo, democratic republic of the', 'malawi', 'mozambique', 'namibia', 'tanzania', 'zimbabwe']",https://www.countryflags.com/en/flag-of-zambia.html,zambia-flag.svg
Ecuador,Quito,South America,Spanish,Unitary presidential constitutional republic,16278844,2.0,3.0,"['blue', 'red', 'yellow']","['animals', 'boat', 'emblem', 'grass', 'horizontal stripes', 'leaves', 'mountain', 'river', 'sun', 'weapons']",1810,1860,1860,106889,276841,152,59,1249,2010,united states dollar $ (usd),utc-05:00 to utc-06:00,utc-05:00 to utc-06:00,ec,ecu,218,+593,"['colombia', 'peru']",https://www.countryflags.com/en/flag-of-ecuador.html,ecuador-flag.svg
Guatemala,Guatemala-City,North America,Spanish,Unitary presidential republic,16176133,5.0,8.0,"['blue', 'white']","['animals', 'emblem', 'leaves', 'text', 'vertical stripes', 'weapons']",1868,1871,1968,42042,108889,385,149,1048,1687,guatemalan quetzal q (gtq),utc-06:00,utc-06:00,gt,gtm,320,+52,"['belize', 'el salvador', 'honduras', 'mexico']",https://www.countryflags.com/en/flag-of-guatemala.html,guatemala-flag.svg
Zimbabwe,Harare,Africa,"Chewa, Chibarwe, English, Kalanga, ""Koisan"" (presumably Tsoa), Nambya, Ndau, Ndebele, Shangani, Shona, ""sign language"" (Zimbabwean sign languages), Sotho, Tonga, Tswana, Venda, Xhosa",Dominant-party presidential republic,15967000,1.0,2.0,"['red', 'green', 'yellow', 'white', 'black']","['animals', 'emblem', 'horizontal stripes', 'stars', 'triangles']",1980,1980,1980,150872,390757,106,41,1905,3066,"botswana pula p (bwp), british pound £ (gbp), euro € (eur), indian rupee ₹ (inr), south african rand r (zar), united states dollar $ (usd), (zimbabwean bond)",utc+02:00,utc+02:00,zw,zwe,716,+263,"['botswana', 'mozambique', 'south africa', 'zambia']",https://www.countryflags.com/en/flag-of-zimbabwe.html,zimbabwe-flag.svg
Cambodia,Phnom Penh,Asia,Khmer,Unitary parliamentary constitutional monarchy,15626444,2.0,3.0,"['blue', 'red', 'white']","['buildings', 'horizontal stripes']",1948,1993,1993,69898,181035,224,86,1598,2572,"cambodian riel ៛ (khr), united states dollar $ (usd)",utc+07:00,utc+07:00,kh,khm,116,+855,"['laos', 'thailand', 'vietnam']",https://www.countryflags.com/en/flag-of-cambodia.html,cambodia-flag.svg
Senegal,Dakar,Africa,French,Semi-presidential republic,15587832,2.0,3.0,"['red', 'green', 'yellow']","['stars', 'vertical stripes']",-,1960,-,75955,196722,205,79,1640,2640,west african cfa franc fr (xof),utc+00:00,utc+00:00,sn,sen,686,+221,"['gambia, the', 'guinea', 'guinea-bissau', 'mali', 'mauritania']",https://www.countryflags.com/en/flag-of-senegal.html,senegal-flag.svg
Chad,N'Djamena,Africa,"French, Arabic",Dominant-party presidential republic,14497000,2.0,3.0,"['blue', 'red', 'yellow']",['vertical stripes'],-,1959,-,495755,1284000,29,11,3708,5968,central african cfa franc fr (xaf),utc+01:00,utc+01:00,td,tcd,148,+235,"['cameroon', 'central-african republic, the', 'libya', 'niger', 'nigeria', 'sudan']",https://www.countryflags.com/en/flag-of-chad.html,chad-flag.svg
Guinea,Conakry,Africa,French,Presidential republic,12947000,2.0,3.0,"['red', 'green', 'yellow']",['vertical stripes'],-,1958,-,94926,245857,136,53,2112,3399,guinean franc fr (gnf),utc+00:00,utc+00:00,gn,gin,324,+224,"[""côte d' ivoire"", 'guinea-bissau', 'liberia', 'mali', 'senegal', 'sierra leone']",https://www.countryflags.com/en/flag-of-guinea.html,guinea-flag.svg
South Sudan,Juba,Africa,English,Presidential republic,12863280,1.0,2.0,"['blue', 'green', 'red', 'yellow', 'white', 'black']","['horizontal stripes', 'stars', 'triangles']",2005,2011,2011,239285,619745,54,21,2981,4797,south sudanese pound ج.س. (ssp),utc+03:00,utc+03:00,ss,ssd,728,+221,"['central-african republic, the', 'congo, democratic republic of the', 'ethiopia', 'kenya', 'sudan', 'uganda']",https://www.countryflags.com/en/flag-of-south-sudan.html,south-sudan-flag.svg
Rwanda,Kigali,Africa,"Kinyarwanda, French, English",Unitary semi-presidential republic,11886284,2.0,3.0,"['blue', 'green', 'yellow']","['horizontal stripes', 'sun']",2001,2001,2001,10169,26338,1169,451,555,893,rwandan franc fr (rwf),utc+02:00,utc+02:00,rw,rwa,646,+250,"['burundi', 'congo, democratic republic of the', 'tanzania', 'uganda']",https://www.countryflags.com/en/flag-of-rwanda.html,rwanda-flag.svg
Tunisia,Tunis,Africa,Arabic,Unitary semi-presidential republic,11379548,2.0,3.0,"['red', 'white']","['circles', 'moon', 'plain', 'stars']",1831,1831,1999,63170,163610,180,70,885,1424,tunisian dinar د.ت (tnd),utc+01:00,utc+01:00,tn,tun,788,+216,"['algeria', 'libya']",https://www.countryflags.com/en/flag-of-tunisia.html,tunisia-flag.svg
Cuba,Havana,North America,Spanish,Marxist–Leninist one-party state,11238317,1.0,2.0,"['blue', 'red', 'white']","['horizontal stripes', 'stars', 'triangles']",1868,1902,1902,42426,109884,265,102,0,0,"cuban convertible peso $ (cuc), cuban peso $ (cup)",utc-05:00,utc-04:00,cu,cub,192,+53,[],https://www.countryflags.com/en/flag-of-cuba.html,cuba-flag.svg
Belgium,Brussels,Europe,"Dutch, French, German",Federal parliamentary constitutional monarchy,11190845,13.0,15.0,"['red', 'yellow', 'black']",['vertical stripes'],1831,1831,1831,11787,30528,949,367,861,1385,euro € (eur),utc+01:00,utc+02:00,be,bel,056,+32,"['france', 'germany', 'luxembourg', 'netherlands, the']",https://www.countryflags.com/en/flag-of-belgium.html,belgium-flag.svg
Somalia,Mogadishu,Africa,"Somali, Arabic",Federal parliamentary republic,11079000,2.0,3.0,"['blue', 'white']","['plain', 'stars']",-,1954,-,246201,637657,45,17,1454,2340,somali shilling sh (sos),utc+03:00,utc+03:00,so,som,706,+252,"['djibouti', 'ethiopia', 'kenya']",https://www.countryflags.com/en/flag-of-somalia.html,somalia-flag.svg
Haiti,Port-au-Prince,North America,"French, Haitian Creole",Unitary semi-presidential republic,11078033,3.0,5.0,"['blue', 'red']","['emblem', 'grass', 'horizontal stripes', 'text', 'trees', 'weapons']",1806,1986,1986,10714,27750,1034,399,224,360,haitian gourde g (htg),utc-05:00,utc-04:00,ht,hti,332,+59,"['dominican republic, the']",https://www.countryflags.com/en/flag-of-haiti.html,haiti-flag.svg
Bolivia,Sucre,South America,"Spanish, Quechua, Aymara, Guarani and 33 other native languages",Unitary presidential constitutional republic,10968232,15.0,22.0,"['red', 'green', 'yellow']",['horizontal stripes'],1851,1851,1851,424326,1099000,26,10,4190,6743,bolivian boliviano bs. (bob),utc-04:00,utc-04:00,bo,bol,068,+591,"['argentina', 'brazil', 'chile', 'paraguay', 'peru']",https://www.countryflags.com/en/flag-of-bolivia.html,bolivia-flag.svg
Benin,Porto Novo,Africa,French,Presidential republic,10879829,2.0,3.0,"['red', 'green', 'yellow']","['horizontal stripes', 'rectangle']",-,1959,-,44310,114763,246,95,1236,1989,west african cfa franc fr (xof),utc+01:00,utc+01:00,bj,ben,204,+229,"['burkina faso', 'niger', 'nigeria', 'togo']",https://www.countryflags.com/en/flag-of-benin.html,benin-flag.svg
Greece,Athens,Europe,Greek,Unitary parliamentary constitutional republic,10846979,2.0,3.0,"['blue', 'white']","['cross', 'horizontal stripes', 'square']",1822,1978,1978,50962,131990,213,82,763,1228,euro € (eur),utc+02:00,utc+03:00,gr,grc,300,+30,"['albania', 'bulgaria', 'turkey', 'macedonia']",https://www.countryflags.com/en/flag-of-greece.html,greece-flag.svg
The Czech Republic,Prag,Europe,Czech,Unitary parliamentary constitutional republic,10541466,2.0,3.0,"['blue', 'red', 'white']","['horizontal stripes', 'triangles']",1920,1993,1920,30450,78865,346,134,1169,1881,czech koruna kč (czk),utc+01:00,utc+02:00,cz,cze,203,+420,"['austria', 'germany', 'poland', 'slovakia']",https://www.countryflags.com/en/flag-of-czech-republic-the.html,czech-republic-flag.svg
Portugal,Lissabon,Europe,Portuguese,Unitary semi-presidential constitutional republic,10374822,2.0,3.0,"['red', 'green']","['buildings', 'circles', 'emblem', 'shields', 'vertical stripes']",1911,1911,1911,35556,92090,292,113,754,1214,euro € (eur),utc-01:00 and utc+00:00,utc+00:00 and utc+01:00,pt,prt,620,+351,['spain'],https://www.countryflags.com/en/flag-of-portugal.html,portugal-flag.svg
Burundi,Bujumbura,Africa,"French, Kirundi",Presidential republic,10114505,3.0,5.0,"['red', 'white', 'green']","['circles', 'diagonal stripes', 'stars', 'triangles']",1962,1967,1982,10747,27834,941,363,605,974,burundian franc fr (bif),utc+02:00,utc+02:00,bi,bdi,108,+257,"['congo, democratic republic of the', 'rwanda', 'tanzania']",https://www.countryflags.com/en/flag-of-burundi.html,burundi-flag.svg
The Dominican Republic,Santo Domingo,South America,Spanish,Unitary presidential republic,10075045,2.0,3.0,"['blue', 'red', 'white']","['emblem', 'leaves', 'text', 'weapons']",1844,1908,1908,18792,48671,536,207,224,360,dominican peso $ (dop),utc-04:00,utc-04:00,do,dom,214,+1809,['haiti'],https://www.countryflags.com/en/flag-of-dominican-republic-the.html,dominican-republic-flag.svg
Azerbaijan,Baku,Asia,Azerbaijani,Dominant-party presidential republic,9954134,1.0,2.0,"['blue', 'green', 'red', 'white']","['emblem', 'horizontal stripes', 'moon', 'stars']",1918,1990,1918,33436,86600,298,115,1251,2013,azerbaijani manat (azn),utc+04:00,utc+05:00,az,aze,031,+994,"['armenia', 'georgia', 'iran', 'russia', 'turkey']",https://www.countryflags.com/en/flag-of-azerbaijan.html,azerbaijan-flag.svg
Sweden,Stockholm,Europe,Swedish,Unitary parliamentary constitutional monarchy,9861992,5.0,8.0,"['blue', 'yellow']",['cross'],1562,1906,1906,173860,450295,57,22,1388,2233,swedish krona kr (sek),utc+01:00,utc+02:00,se,swe,752,+46,"['finland', 'norway']",https://www.countryflags.com/en/flag-of-sweden.html,sweden-flag.svg
Hungary,Budapest,Europe,Hungarian,Unitary parliamentary constitutional republic,9849000,1.0,2.0,"['red', 'white', 'green']",['horizontal stripes'],1848,1957,1956,35918,93028,274,106,1349,2171,hungarian forint ft (huf),utc+01:00,utc+02:00,hu,hun,348,+36,"['austria', 'croatia', 'romania', 'serbia', 'slovakia', 'slovenia', 'ukraine']",https://www.countryflags.com/en/flag-of-hungary.html,hungary-flag.svg
Belarus,Minsk,Europe,"Belarusian, Russian",Presidential republic,9481000,1.0,2.0,"['red', 'white', 'green']","['horizontal stripes', 'pattern', 'rectangle']",1951,1995,2012,80155,207600,118,46,1802,2900,belarusian ruble br (byr),utc+03:00,utc+03:00,by,blr,112,+375,"['latvia', 'lithuania', 'poland', 'russia', 'ukraine']",https://www.countryflags.com/en/flag-of-belarus.html,belarus-flag.svg
The United Arab Emirates,Abu Dhabi,Asia,Arabic,Federation of 7 hereditary monarchies,9379687,1.0,2.0,"['red', 'green', 'black', 'white']","['horizontal stripes', 'rectangle', 'vertical stripes']",1971,1971,1971,32278,83600,291,112,539,867,united arab emirates dirham د.إ (aed),utc+04:00,utc+04:00,ae,are,784,+971,"['oman', 'qatar', 'saudi arabia']",https://www.countryflags.com/en/flag-of-united-arab-emirates-the.html,united-arab-emirates-flag.svg
Serbia,Belgrade,Europe,Serbian,Unitary parliamentary constitutional republic,8810579,2.0,3.0,"['blue', 'red', 'white']","['animals', 'crowns', 'horizontal stripes', 'shields']",2004,2010,2010,34116,88361,258,100,1260,2027,serbian dinar дин. or din. (rsd),utc+01:00,utc+02:00,rs,srb,688,+381,"['bosnia and herzegovina', 'bulgaria', 'croatia', 'hungary', 'kosovo', 'macedonia', 'montenegro', 'romania']",https://www.countryflags.com/en/flag-of-serbia.html,serbia-flag.svg
Tajikistan,Duschanbe,Asia,Tajik,Dominant-party presidential republic,8669869,1.0,2.0,"['red', 'green', 'yellow', 'white']","['emblem', 'horizontal stripes', 'stars']",1992,1992,1992,55251,143100,157,61,2269,3651,tajikistani somoni ѕм (tjs),utc+05:00,utc+05:00,tj,tjk,762,+992,"['afghanistan', 'china', 'kyrgyzstan', 'uzbekistan']",https://www.countryflags.com/en/flag-of-tajikistan.html,tajikistan-flag.svg
Austria,Wien,Europe,German,Federal semi-presidential republic,8590621,2.0,3.0,"['red', 'white']",['horizontal stripes'],1230,1918,1230,32383,83871,265,102,1592,2562,euro € (eur),utc+01:00,utc+02:00,at,aut,040,+43,"['czech republic, the', 'germany', 'hungary', 'italy', 'liechtenstein', 'slovakia', 'slovenia', 'switzerland']",https://www.countryflags.com/en/flag-of-austria.html,austria-flag.svg
Honduras,Tegucigalpa,North America,Spanish,Presidential republic,8576532,1.0,2.0,"['blue', 'white']","['horizontal stripes', 'stars']",1823,1866,1933,43433,112492,197,76,944,1520,honduran lempira l (hnl),utc-06:00,utc-06:00,hn,hnd,340,+54,"['guatemala', 'el salvador', 'nicaragua']",https://www.countryflags.com/en/flag-of-honduras.html,honduras-flag.svg
Israel,Jerusalem,Asia,"Hebrew, Arabic",Unitary parliamentary republic,8462000,8.0,11.0,"['blue', 'white']","['emblem', 'horizontal stripes', 'stars', 'triangles']",-,1948,-,8019,20770,1055,407,632,1017,israeli new shekel ₪ (ils),utc+02:00,utc+03:00,il,isr,376,+972,"['egypt', 'jordan', 'lebanon', 'syria']",https://www.countryflags.com/en/flag-of-israel.html,israel-flag.svg
Switzerland,Bern,Europe,"German, French, Italian, Romansh",Federal multi-party directorial republic with thorough elements of direct democracy,8398217,1.0,1.0,"['red', 'white']","['cross', 'square']",1470,1889,1841,15940,41284,527,203,1151,1852,swiss franc fr (chf),utc+01:00,utc+02:00,ch,che,756,+41,"['austria', 'france', 'italy', 'liechtenstein', 'germany']",https://www.countryflags.com/en/flag-of-switzerland.html,switzerland-flag.svg
Papua New Guinea,Port Moresby,Oceania,"Hiri Motu, Tok Pisin, Papua New Guinean",Unitary parliamentary constitutional monarchy,7780000,3.0,4.0,"['red', 'yellow', 'white', 'black']","['animals', 'stars', 'triangles']",1971,1971,1971,178704,462840,44,17,510,820,papua new guinean kina k (pgk),utc+10:00,utc+10:00,pg,png,598,+675,['indonesia'],https://www.countryflags.com/en/flag-of-papua-new-guinea.html,papua-new-guinea-flag.svg
Jordan,Amman,Asia,Arabic,Unitary parliamentary republic,7748000,1.0,2.0,"['red', 'green', 'black', 'white']","['horizontal stripes', 'stars', 'triangles']",-,1920,1928,34495,89342,225,87,1016,1635,jordanian dinar د.ا (jod),utc+02:00,utc+03:00,jo,jor,400,+962,"['iraq', 'israel', 'saudi arabia', 'syria']",https://www.countryflags.com/en/flag-of-jordan.html,jordan-flag.svg
Togo,Lomé,Africa,French,Presidential republic,7497365,1.0,1.618,"['red', 'green', 'yellow', 'white']","['horizontal stripes', 'square', 'stars']",-,1960,-,21925,56785,342,132,1023,1647,west african cfa franc fr (xof),utc+00:00,utc+00:00,tg,tgo,768,+228,"['benin', 'burkina faso', 'ghana']",https://www.countryflags.com/en/flag-of-togo.html,togo-flag.svg
Bulgaria,Sofia,Europe,Bulgarian,Unitary parliamentary republic,7364570,3.0,5.0,"['red', 'white', 'green']",['horizontal stripes'],1879,1991,1991,42811,110879,172,66,1123,1808,bulgarian lev лв (bgn),utc+02:00,utc+03:00,bg,bgr,100,+359,"['greece', 'macedonia', 'romania', 'serbia', 'turkey']",https://www.countryflags.com/en/flag-of-bulgaria.html,bulgaria-flag.svg
Paraguay,Asunción,South America,"Spanish, Guaraní",Unitary presidential constitutional republic,6726347,11.0,20.0,"['blue', 'red', 'white']","['circles', 'emblem', 'horizontal stripes', 'leaves', 'stars', 'text']",1842,1842,2013,157048,406752,43,17,2436,3920,paraguayan guaraní ₲ (pyg),utc-04:00,utc-03:00,py,pry,600,+595,"['argentina', 'bolivia', 'brazil']",https://www.countryflags.com/en/flag-of-paraguay.html,paraguay-flag.svg
Sierra Leone,Freetown,Africa,English,Unitary presidential constitutional republic,6595049,2.0,3.0,"['blue', 'green', 'white']",['horizontal stripes'],-,1961,-,27699,71740,238,92,595,958,sierra leonean leone le (sll),utc+00:00,utc+00:00,sl,sle,694,+232,"['guinea', 'liberia']",https://www.countryflags.com/en/flag-of-sierra-leone.html,sierra-leone-flag.svg
El Salvador,San Salvador,North America,Spanish,Unitary presidential constitutional republic,6520675,189.0,335.0,"['blue', 'white']","['emblem', 'horizontal stripes', 'leaves', 'mountain', 'river', 'text', 'triangles']",1912,1912,-,8124,21041,803,310,339,545,united states dollar $ (usd),utc-06:00,utc-06:00,sv,slv,222,+53,"['guatemala', 'honduras']",https://www.countryflags.com/en/flag-of-el-salvador.html,el-salvador-flag.svg
Laos,Vientiane,Asia,Lao,Marxist-Leninist one-party state,6472400,2.0,3.0,"['blue', 'red', 'white']","['circles', 'horizontal stripes']",1945,1975,1945,91429,236800,71,27,3158,5083,lao kip ₭ (lak),utc+07:00,utc+07:00,la,lao,418,+856,"['cambodia', 'china', 'myanmar', 'thailand', 'vietnam']",https://www.countryflags.com/en/flag-of-laos.html,laos-flag.svg
Libya,Tripoli,Africa,Arabic,Disputed,6330000,1.0,2.0,"['red', 'green', 'black', 'white']","['horizontal stripes', 'moon', 'stars']",1951,2011,1951,679362,1759540,9,4,2702,4348,libyan dinar ل.د (lyd),utc+01:00,utc+01:00,ly,lby,434,+218,"['algeria', 'chad', 'egypt', 'niger', 'sudan', 'tunisia']",https://www.countryflags.com/en/flag-of-libya.html,libya-flag.svg
Nicaragua,Managua,North America,Spanish,Unitary presidential constitutional republic,6198154,3.0,5.0,"['blue', 'white']","['emblem', 'horizontal stripes', 'mountain', 'river', 'text', 'triangles']",1823,1971,1908,50337,130373,123,48,765,1231,nicaraguan córdoba c$ (nio),utc-06:00,utc-06:00,ni,nic,558,+55,"['costa rica', 'honduras']",https://www.countryflags.com/en/flag-of-nicaragua.html,nicaragua-flag.svg
Kyrgyzstan,Bischkek,Asia,"Kyrgyz, Russian",Unitary parliamentary republic,5975000,3.0,5.0,"['red', 'yellow']","['circles', 'emblem', 'sun']",1992,1992,1992,77202,199951,77,30,2410,3878,kyrgyzstani som лв (kgs),utc+06:00,utc+06:00,kg,kgz,417,+996,"['china', 'kazakhstan', 'tajikistan', 'uzbekistan']",https://www.countryflags.com/en/flag-of-kyrgyzstan.html,kyrgyzstan-flag.svg
Denmark,Copenhagen,Europe,Danish,Unitary parliamentary constitutional monarchy,5699220,28.0,37.0,"['red', 'white']",['cross'],1370,1370,1893,16639,43094,343,132,42,68,danish krone kr (dkk),utc+01:00,utc+02:00,dk,dnk,208,+45,['germany'],https://www.countryflags.com/en/flag-of-denmark.html,denmark-flag.svg
Singapore,Singapore,Asia,"Malay, English, Mandarin, Tamil",Unitary parliamentary constitutional republic,5535000,2.0,3.0,"['red', 'white']","['horizontal stripes', 'moon', 'stars']",-,1959,-,276,716,20022,7730,0,0,"brunei dollar $ (bnd), singapore dollar $ (sgd)",utc+08:00,utc+08:00,sg,sgp,702,+65,[],https://www.countryflags.com/en/flag-of-singapore.html,singapore-flag.svg
Finland,Helsinki,Europe,"Finnish, Swedish",Unitary parliamentary constitutional republic,5496354,11.0,18.0,"['blue', 'white']",['cross'],-,1918,-,130666,338424,42,16,1671,2690,euro € (eur),utc+02:00,utc+03:00,fi,fin,246,+358,"['norway', 'sweden', 'russia']",https://www.countryflags.com/en/flag-of-finland.html,finland-flag.svg
Turkmenistan,Aşgabat,Asia,Turkmen,Unitary presidential republic,5441970,2.0,3.0,"['red', 'green', 'yellow', 'white']","['moon', 'pattern', 'plain', 'stars']",1992,1992,2001,188456,488100,29,11,2321,3736,turkmenistan manat m (tmt),utc+05:00,utc+05:00,tm,tkm,795,+993,"['afghanistan', 'iran', 'kazakhstan', 'uzbekistan']",https://www.countryflags.com/en/flag-of-turkmenistan.html,turkmenistan-flag.svg
Slovakia,Bratislava,Europe,Slovak,Parliamentary republic,5430304,2.0,3.0,"['blue', 'red', 'white']","['cross', 'emblem', 'horizontal stripes', 'shields']",1848,1992,1992,18933,49037,287,111,947,1524,euro € (eur),utc+01:00,utc+02:00,sk,svk,703,+421,"['austria', 'czech republic, the', 'hungary', 'poland', 'ukraine']",https://www.countryflags.com/en/flag-of-slovakia.html,slovakia-flag.svg
Eritrea,Asmara (Asmera),Africa,"English, Tigrinya, Arabic",One-party presidential republic,5352000,1.0,2.0,"['blue', 'green', 'red', 'yellow']","['emblem', 'leaves', 'triangles']",1993,1993,1995,45406,117600,118,46,1010,1626,eritrean nakfa nfk (ern),utc+03:00,utc+03:00,er,eri,232,+291,"['djibouti', 'ethiopia', 'sudan']",https://www.countryflags.com/en/flag-of-eritrea.html,eritrea-flag.svg
Norway,Oslo,Europe,Norwegian,Unitary parliamentary constitutional monarchy,5276579,8.0,11.0,"['blue', 'red', 'white']",['cross'],1821,1821,1899,125021,323802,42,16,1585,2551,norwegian krone kr (nok),utc+01:00,utc+02:00,no,nor,578,+47,"['finland', 'sweden', 'russia']",https://www.countryflags.com/en/flag-of-norway.html,norway-flag.svg
The Central-African Republic,Bangui,Africa,"Sango, French",Provisional republic,4998000,2.0,3.0,"['blue', 'green', 'red', 'yellow', 'white']","['horizontal stripes', 'stars', 'vertical stripes']",-,1958,-,240535,622984,21,8,3239,5213,central african cfa franc fr (xaf),utc+01:00,utc+01:00,cf,caf,140140,+236,"['cameroon', 'chad', 'congo, democratic republic of the', 'congo, republic of the', 'south sudan', 'sudan']",https://www.countryflags.com/en/flag-of-central-african-republic-the.html,central-african-republic-flag.svg
Oman,Maskat,Asia,Arabic,Unitary parliamentary absolute monarchy,4901064,1.0,2.0,"['red', 'white', 'green']","['emblem', 'horizontal stripes', 'rectangle', 'weapons']",1970,1995,1995,119499,309500,41,16,854,1374,omani rial ر.ع. (omr),utc+04:00,utc+04:00,om,omn,512,+968,"['saudi arabia', 'united arab emirates, the', 'yemen']",https://www.countryflags.com/en/flag-of-oman.html,oman-flag.svg
Costa Rica,San José,North America,Spanish,Unitary presidential constitutional republic,4832234,3.0,5.0,"['blue', 'red', 'white']",['horizontal stripes'],1906,1906,1998,19730,51100,245,95,397,639,costa rican colón ₡ (crc),utc-06:00,utc-06:00,cr,cri,188,+56,"['nicaragua', 'panama']",https://www.countryflags.com/en/flag-of-costa-rica.html,costa-rica-flag.svg
The Republic of the Congo,Brazzaville,Africa,French,Presidential republic,4741000,2.0,3.0,"['red', 'green', 'yellow']",['diagonal stripes'],1959,1991,-,132047,342000,36,14,3420,5504,central african cfa franc fr (xaf),utc+01:00,utc+01:00,cg,cog,178,+242,"['angola', 'cameroon', 'central-african republic, the', 'congo, democratic republic of the', 'gabon']",https://www.countryflags.com/en/flag-of-congo-republic-of-the.html,congo-republic-of-the-flag.svg
New Zealand,Wellington,Oceania,"English, Māori, NZ Sign Language",Unitary parliamentary constitutional monarchy,4645380,1.0,2.0,"['blue', 'red', 'white']","['rectangle', 'stars', 'union jack']",1869,1902,-,104428,270467,44,17,0,0,new zealand dollar $ (nzd),utc+12:00,utc+13:00,nz,nzl,554,+64,[],https://www.countryflags.com/en/flag-of-new-zealand.html,new-zealand-flag.svg
Ireland,Dublin,Europe,"English, Irish, Ulster Scots",Parliamentary democracy,4635400,1.0,2.0,"['green', 'white', 'orange']",['vertical stripes'],-,1919,-,27133,70273,171,66,224,360,euro € (eur),utc+00:00,utc+01:00,ie,irl,372,+353,"['united kingdom, the']",https://www.countryflags.com/en/flag-of-ireland.html,ireland-flag.svg
Liberia,Monrovia,Africa,English,Unitary presidential republic,4615000,10.0,19.0,"['blue', 'red', 'white']","['horizontal stripes', 'square', 'stars']",1847,1847,1847,43000,111369,107,41,985,1585,liberian dollar $ (lrd),utc+00:00,utc+00:00,lr,lbr,430,+231,"['guinea', ""côte d' ivoire"", 'sierra leone']",https://www.countryflags.com/en/flag-of-liberia.html,liberia-flag.svg
Croatia,Zagreb,Europe,Croatian,Unitary parliamentary constitutional republic,4225316,1.0,2.0,"['blue', 'red', 'white']","['animals', 'emblem', 'horizontal stripes', 'moon', 'shields', 'stars']",1499,1990,1990,21851,56594,193,75,1365,2197,croatian kuna kn (hrk),utc+01:00,utc+02:00,hr,hrv,191,+385,"['bosnia and herzegovina', 'hungary', 'montenegro', 'serbia', 'slovenia']",https://www.countryflags.com/en/flag-of-croatia.html,croatia-flag.svg
Kuwait,Kuwait,Asia,Arabic,Unitary constitutional monarchy,4183658,1.0,2.0,"['red', 'green', 'black', 'white']",['horizontal stripes'],-,1961,-,6880,17818,608,235,287,462,kuwaiti dinar د.ك (kwd),utc+03:00,utc+03:00,kw,kwt,414,+965,"['iraq', 'saudi arabia']",https://www.countryflags.com/en/flag-of-kuwait.html,kuwait-flag.svg
Lebanon,Beirut,Asia,Arabic,Unitary parliamentary multi-confessionalist republic,4168000,2.0,3.0,"['red', 'white', 'green']","['emblem', 'horizontal stripes', 'trees']",-,1943,-,4036,10452,1033,399,282,454,lebanese pound ل.ل (lbp),utc+02:00,utc+02:00,lb,lbn,422,+961,"['israel', 'syria']",https://www.countryflags.com/en/flag-of-lebanon.html,lebanon-flag.svg
Panama,Panama City,South America,Spanish,Unitary presidential constitutional republic,3992800,2.0,3.0,"['blue', 'red', 'white']","['rectangle', 'stars']",1903,1925,-,29119,75417,137,53,345,555,"panamanian balboa b/. (pab), united states dollar $ (usd)",utc-05:00,utc-05:00,pa,pan,591,+57,[],https://www.countryflags.com/en/flag-of-panama.html,panama-flag.svg
Bosnia and Herzegovina,Sarajevo,Europe,"Bosnian, Croatian, Serbian",Federal parliamentary republic,3871643,1.0,2.0,"['blue', 'yellow', 'white']","['stars', 'triangles']",1998,1998,1998,19772,51209,196,76,907,1459,bosnia and herzegovina convertible mark km (bam),utc+01:00,utc+02:00,ba,bih,070,+387,"['croatia', 'montenegro', 'serbia']",https://www.countryflags.com/en/flag-of-bosnia-and-herzegovina.html,bosnia-and-herzegovina-flag.svg
Georgia,Tiflis,Europe,Georgian,Unitary semi-presidential republic,3729500,2.0,3.0,"['red', 'white']",['cross'],1350,2004,2004,26911,69700,139,54,908,1461,georgian lari ლ (gel),utc+04:00,utc+04:00,ge,geo,268,+995,"['armenia', 'azerbaijan', 'russia', 'turkey']",https://www.countryflags.com/en/flag-of-georgia.html,georgia-flag.svg
Mauritania,Nouakchott,Africa,Arabic,Unitary semi-presidential republic,3718678,2.0,3.0,"['green', 'yellow']","['moon', 'plain', 'stars']",-,1959,-,397955,1030700,9,4,3153,5074,mauritanian ouguiya um (mro),utc+00:00,utc+00:00,mr,mrt,478,+222,"['algeria', 'mali', 'senegal']",https://www.countryflags.com/en/flag-of-mauritania.html,mauritania-flag.svg
Moldova,Chişinău,Europe,Romanian,Unitary parliamentary republic,3555200,1.0,2.0,"['blue', 'green', 'red', 'yellow', 'black', 'brown']","['animals', 'cross', 'emblem', 'leaves', 'moon', 'stars', 'vertical stripes']",1990,1990,2010,13068,33846,272,105,863,1389,moldovan leu l (mdl),utc+02:00,utc+03:00,md,mda,498,+373,"['romania', 'ukraine']",https://www.countryflags.com/en/flag-of-moldova.html,moldova-flag.svg
Uruguay,Montevideo,South America,Spanish,Unitary presidential constitutional republic,3442765,2.0,3.0,"['blue', 'yellow', 'white']","['horizontal stripes', 'square', 'sun']",1828,1828,1830,68037,176215,51,20,972,1564,uruguayan peso $ (uyu),utc-03:00,utc-02:00,uy,ury,858,+598,"['argentina', 'brazil']",https://www.countryflags.com/en/flag-of-uruguay.html,uruguay-flag.svg
Mongolia,Ulaanbaatar,Asia,Mongolian,Unitary parliamentary constitutional republic,3059856,1.0,2.0,"['blue', 'red', 'yellow']","['circles', 'emblem', 'triangles', 'vertical stripes']",1940,1992,1992,603906,1564110,5,2,5108,8220,mongolian tögrög ₮ (mnt),utc+07:00 to utc+08:00,utc+08:00 to utc+09:00,mn,mng,496,+976,"['china', 'russia']",https://www.countryflags.com/en/flag-of-mongolia.html,mongolia-flag.svg
Armenia,Eriwan,Asia,Armenian,Unitary semi-presidential republic,3033245,1.0,2.0,"['blue', 'red', 'orange']",['horizontal stripes'],1918,1990,1990,11484,29743,264,102,779,1254,armenian dram (amd),utc +04:00,utc +05:00,am,arm,051,+374,"['azerbaijan', 'georgia', 'iran', 'turkey']",https://www.countryflags.com/en/flag-of-armenia.html,armenia-flag.svg
Albania,Tirana,Europe,Albanian,Unitary parliamentary constitutional republic,2891155,5.0,7.0,"['red', 'black']","['animals', 'emblem', 'plain']",1444,1992,1992,11100,28748,260,101,447,720,lek (all),utc+01:00,utc+02:00,al,alb,008,+355,"['greece', 'kosovo', 'macedonia', 'montenegro']",https://www.countryflags.com/en/flag-of-albania.html,albania-flag.svg
Lithuania,Vilnius,Europe,Lithuanian,Unitary parliamentary republic,2890679,3.0,5.0,"['red', 'green', 'yellow']",['horizontal stripes'],1918,1988,2004,25212,65300,115,44,791,1273,euro € (eur),utc+02:00,utc+03:00,lt,ltu,440,+370,"['belarus', 'latvia', 'poland', 'russia']",https://www.countryflags.com/en/flag-of-lithuania.html,lithuania-flag.svg
Jamaica,Kingston,North America,English,Unitary parliamentary constitutional monarchy,2723246,1.0,2.0,"['green', 'yellow', 'black']","['diagonal stripes', 'triangles']",-,1962,-,4244,10991,642,248,0,0,jamaican dollar $ (jmd),utc-05:00,utc-05:00,jm,jam,388,+1876,[],https://www.countryflags.com/en/flag-of-jamaica.html,jamaica-flag.svg
Qatar,Doha,Asia,Arabic,Unitary parliamentary Constitutional monarchy,2357806,11.0,28.0,"['brown', 'white']","['pattern', 'triangles']",1949,1971,1971,4473,11586,527,204,37,60,qatari riyal ر.ق (qar),utc+03:00,utc+03:00,qa,qat,634,+974,"['saudi arabia', 'united arab emirates, the']",https://www.countryflags.com/en/flag-of-qatar.html,qatar-flag.svg
Namibia,Windhoek,Africa,English,Unitary semi-presidential republic,2324400,2.0,3.0,"['blue', 'green', 'red', 'yellow', 'white']","['diagonal stripes', 'sun']",1990,1990,1990,318772,825615,7,3,2446,3936,"namibian dollar $ (nad), south african rand r (zar)",utc+01:00,utc+02:00,na,nam,516,+264,"['angola', 'botswana', 'south africa', 'zambia']",https://www.countryflags.com/en/flag-of-namibia.html,namibia-flag.svg
Botswana,Gaborone,Africa,"English, Setswana",Parliamentary republic,2155784,2.0,3.0,"['blue', 'white', 'black']",['horizontal stripes'],-,1966,-,224607,581730,10,4,2495,4015,botswana pula p (bwp),utc+02:00,utc+02:00,bw,bwa,072,+267,"['namibia', 'south africa', 'zambia', 'zimbabwe']",https://www.countryflags.com/en/flag-of-botswana.html,botswana-flag.svg
Slovenia,Ljubljana,Europe,"Slovene, Italian, Hungarian",Unitary parliamentary constitutional republic,2069234,1.0,2.0,"['blue', 'red', 'white']","['emblem', 'horizontal stripes', 'mountain', 'river', 'shields', 'stars']",1848,1991,1991,7827,20273,264,102,829,1334,euro € (eur),utc+01:00,utc+02:00,si,svn,705,+386,"['austria', 'croatia', 'italy', 'hungary']",https://www.countryflags.com/en/flag-of-slovenia.html,slovenia-flag.svg
Macedonia,Skopje,Europe,Macedonian,Parliamentary republic,2069172,1.0,2.0,"['red', 'yellow']","['diagonal stripes', 'sun']",1995,1995,1995,9928,25713,208,80,476,766,republic of macedonian denar ден (mkd),utc+01:00,utc+02:00,mk,mkd,807,+389,"['albania', 'bulgaria', 'greece', 'kosovo', 'serbia']",https://www.countryflags.com/en/flag-of-macedonia.html,macedonia-flag.svg
Latvia,Riga,Europe,Latvian,Parliamentary republic,1973700,1.0,2.0,"['red', 'white']",['horizontal stripes'],1279,1990,1918,24926,64559,79,31,715,1150,euro € (eur),utc+02:00,utc+03:00,lv,lva,428,+371,"['belarus', 'estonia', 'lithuania', 'russia']",https://www.countryflags.com/en/flag-of-latvia.html,latvia-flag.svg
Lesotho,Maseru,Africa,"Sotho, English",Unitary parliamentary constitutional monarchy,1894194,2.0,3.0,"['blue', 'green', 'white', 'black']","['emblem', 'horizontal stripes']",2006,2006,2006,11720,30355,162,62,565,909,"lesotho loti l (lsl), south african rand r (zar)",utc+02:00,utc+02:00,ls,lso,426,+266,['south africa'],https://www.countryflags.com/en/flag-of-lesotho.html,lesotho-flag.svg
Gambia,Banjul,Africa,Arabic,Dominant-party presidential republic,1882450,2.0,3.0,"['blue', 'green', 'red', 'white']",['horizontal stripes'],1965,1965,1965,4361,11295,432,167,460,740,gambian dalasi d (gmd),utc+00:00,utc+00:00,gm,gmb,270,+220,['senegal'],https://www.countryflags.com/en/flag-of-gambia-the.html,gambia-flag.svg
Kosovo,Pristina,Europe,"Albanian, Serbian",Parliamentary republic,1836978,5.0,7.0,"['blue', 'yellow', 'white']","['countries', 'plain', 'stars']",2008,2008,-,4203,10887,437,169,436,701,euro € (eur),utc+01:00,utc+02:00,ko,kos,780,+383,"['albania', 'macedonia', 'montenegro', 'serbia']",https://www.countryflags.com/en/flag-of-kosovo.html,kosovo-flag.svg
Gabon,Libreville,Africa,French,Dominant-party presidential republic,1802278,3.0,4.0,"['blue', 'green', 'yellow']",['horizontal stripes'],-,1960,-,103347,267668,17,7,1585,2551,central african cfa franc fr (xaf),utc+01:00,utc+01:00,ga,gab,266,+241,"['cameroon', 'congo, republic of the', 'equatorial guinea']",https://www.countryflags.com/en/flag-of-gabon.html,gabon-flag.svg
Guinea-Bissau,Bissau,Africa,Portuguese,Unitary semi-presidential republic,1547777,1.0,2.0,"['red', 'green', 'yellow', 'black']","['horizontal stripes', 'stars']",1973,1973,1973,13948,36125,111,43,450,724,west african cfa franc fr (xof),utc+00:00,utc+00:00,gw,gnb,624,+245,"['guinea', 'senegal']",https://www.countryflags.com/en/flag-of-guinea-bissau.html,guinea-bissau-flag.svg
Bahrain,Manama,Asia,Arabic,Unitary parliamentary constitutional monarchy,1416527,3.0,5.0,"['red', 'white']","['pattern', 'triangles']",1932,2002,2002,295,765,4796,1852,0,0,bahraini dinar .د.ب (bhd),utc+03:00,utc+03:00,bh,bhr,048,+973,[],https://www.countryflags.com/en/flag-of-bahrain.html,bahrain-flag.svg
Trinidad and Tobago,Port-of-Spain,South America,English,Unitary parliamentary constitutional republic,1349667,3.0,5.0,"['red', 'white', 'black']",['diagonal stripes'],-,1962,-,1981,5130,681,263,0,0,trinidad and tobago dollar $ (ttd),utc-04:00,utc-04:00,tt,tto,780,+1868,[],https://www.countryflags.com/en/flag-of-trinidad-and-tobago.html,trinidad-and-tobago-flag.svg
Estonia,Tallinn (Reval),Europe,Estonian,Parliamentary republic,1313271,7.0,11.0,"['blue', 'white', 'black']",['horizontal stripes'],1918,1990,1918,17462,45227,75,29,393,633,euro € (eur),utc+02:00,utc+03:00,ee,est,233,+372,"['latvia', 'russia']",https://www.countryflags.com/en/flag-of-estonia.html,estonia-flag.svg
Swaziland,Mbabane,Africa,"Swazi, English",Unitary parliamentary absolute monarchy,1306889,2.0,3.0,"['red', 'green', 'yellow', 'white']","['horizontal stripes', 'leaves', 'weapons']",1968,1968,1968,6704,17364,195,75,332,535,swazi lilangeni l (szl),utc+02:00,utc+02:00,sz,swz,748,+268,"['mozambique', 'south africa']",https://www.countryflags.com/en/flag-of-swaziland.html,swaziland-flag.svg
Mauritius,Port Louis,Africa,English,Parliamentary republic,1262879,2.0,3.0,"['blue', 'green', 'red', 'yellow']",['horizontal stripes'],1968,1968,1968,788,2040,1603,619,0,0,mauritian rupee ₨ (mur),utc+04:00,utc+04:00,mu,mus,480,+230,[],https://www.countryflags.com/en/flag-of-mauritius.html,mauritius-flag.svg
Equatorial Guinea,Malabo,Africa,"Spanish, French, Portuguese",Dominant-party presidential republic,1222442,2.0,3.0,"['blue', 'green', 'red']","['emblem', 'horizontal stripes', 'stars', 'text', 'trees', 'triangles']",1972,1979,1979,10831,28051,113,44,335,539,central african cfa franc fr (xaf),utc+01:00,utc+01:00,gq,gnq,226,+240,"['cameroon', 'gabon']",https://www.countryflags.com/en/flag-of-equatorial-guinea.html,equatorial-guinea-flag.svg
East Timor,Dili,Oceania,"Tetum, Portuguese",Unitary semi-presidential republic,1167242,1.0,2.0,"['red', 'yellow', 'white', 'black']","['circles', 'stars']",1975,2002,1975,5743,14874,203,78,142,228,united states dollar $ (usd),utc+09:00,utc+09:00,tl,tls,626,+670,['indonesia'],https://www.countryflags.com/en/flag-of-east-timor.html,east-timor-flag.svg
Djibouti,Djibouti City,Africa,"French, Arabic",Dominant-party semi-presidential republic,900000,2.0,3.0,"['blue', 'green', 'red', 'white']","['horizontal stripes', 'stars', 'triangles']",1977,1977,1977,8958,23200,100,39,321,516,djiboutian franc fr (djf),utc+03:00,utc+03:00,dj,dji,262,+253,"['eritrea', 'ethiopia', 'somalia']",https://www.countryflags.com/en/flag-of-djibouti.html,djibouti-flag.svg
Fiji,Suva,Oceania,"English, Fijian, Hindi",Unitary parliamentary republic,867000,1.0,2.0,"['blue', 'red', 'white']","['animals', 'rectangle', 'shields', 'trees', 'union jack']",1924,1970,1970,7055,18272,123,47,0,0,fijian dollar $ (fjd),utc+12:00,utc+12:00,fj,fji,242,+679,[],https://www.countryflags.com/en/flag-of-fiji.html,fiji-flag.svg
Cyprus,Nikosia,Asia,"Greek, Turkish",Unitary presidential constitutional republic,847000,2.0,3.0,"['green', 'yellow', 'white']","['countries', 'leaves', 'plain']",1960,1960,2006,3572,9251,237,92,94,152,euro € (eur),utc+02:00,utc+03:00,cy,cyp,196,+357,[],https://www.countryflags.com/en/flag-of-cyprus.html,cyprus-flag.svg
Comoros,Moroni,Africa,"Comorian, Arabic, French",Federal presidential republic,806153,3.0,5.0,"['blue', 'green', 'red', 'yellow', 'white']","['horizontal stripes', 'moon', 'stars', 'triangles']",2002,2002,2002,719,1862,1121,433,0,0,comorian franc fr (kmf),utc+03:00,utc+03:00,km,com,174,+269,[],https://www.countryflags.com/en/flag-of-comoros.html,comoros-flag.svg
Guyana,Georgetown,South America,English,Unitary parliamentary constitutional republic,746900,3.0,5.0,"['red', 'green', 'yellow', 'white', 'black']",['triangles'],-,1966,-,83000,214969,9,3,1530,2462,guyanese dollar $ (gyd),utc-04:00,utc-04:00,gy,guy,328,+592,"['brazil', 'suriname', 'venezuela']",https://www.countryflags.com/en/flag-of-guyana.html,guyana-flag.svg
Bhutan,Thimphu,Asia,Dzongkha,Unitary parliamentary constitutional monarchy,742737,2.0,3.0,"['red', 'orange', 'white']","['animals', 'triangles']",1947,1969,1969,14824,38394,50,19,668,1075,"bhutanese ngultrum nu. (btn), indian rupee ₹ (inr)",utc+06:00,utc+06:00,bt,btn,064,+975,"['china', 'india']",https://www.countryflags.com/en/flag-of-bhutan.html,bhutan-flag.svg
Montenegro,Podgorica,Europe,Montenegrin,Parliamentary republic,621810,1.0,2.0,"['blue', 'green', 'red', 'yellow']","['animals', 'cross', 'crowns', 'emblem', 'shields']",19th century,2004,2004,5333,13812,117,45,388,625,euro € (eur),utc+01:00,utc+02:00,me,mne,499,+382,"['albania', 'bosnia and herzegovina', 'croatia', 'kosovo', 'serbia']",https://www.countryflags.com/en/flag-of-montenegro.html,montenegro-flag.svg
The Solomon Islands,Honiara,Oceania,English,Unitary parliamentary constitutional monarchy,595714,1.0,2.0,"['blue', 'green', 'yellow', 'white']","['diagonal stripes', 'stars']",1977,1977,1977,11157,28896,53,21,0,0,solomon islands dollar $ (sbd),utc+11:00,utc+11:00,sb,slb,90,+677,[],https://www.countryflags.com/en/flag-of-solomon-islands-the.html,solomon-islands-flag.svg
Luxembourg,Luxemburg,Europe,"Luxembourgish, German, French",Unitary parliamentary constitutional monarchy,562958,3.0,5.0,"['blue', 'red', 'white']",['horizontal stripes'],1845,1972,1845,998,2586,564,218,223,359,euro € (eur),utc+01:00,utc+02:00,lu,lux,442,+352,"['belgium', 'france', 'germany']",https://www.countryflags.com/en/flag-of-luxembourg.html,luxembourg-flag.svg
Suriname,Paramaribo,South America,Dutch,Unitary parliamentary constitutional republic,548161,2.0,3.0,"['red', 'green', 'yellow', 'white']","['horizontal stripes', 'stars']",1975,1975,1975,63251,163820,9,3,1061,1707,surinamese dollar $ (srd),utc-03:00,utc-03:00,sr,sur,740,+597,"['brazil', 'guyana']",https://www.countryflags.com/en/flag-of-suriname.html,suriname-flag.svg
Cape Verde,Praia,Africa,"Portuguese, Cape Verdean Creole",Unitary semi-presidential republic,531239,2.0,3.0,"['blue', 'red', 'yellow', 'white']","['circles', 'horizontal stripes', 'stars']",1992,1992,1992,1557,4033,341,132,0,0,cape verdean escudo esc or $ (cve),utc-01:00,utc-01:00,cv,cpv,132,+238,[],https://www.countryflags.com/en/flag-of-cape-verde.html,cape-verde-flag.svg
Malta,Valletta,Europe,"Maltese, English",Parliamentary republic,445426,2.0,3.0,"['red', 'white']","['animals', 'cross', 'people', 'text', 'vertical stripes', 'weapons']",1091,1964,1964,122,316,3651,1410,0,0,euro € (eur),utc+01:00,utc+02:00,mt,mlt,470,+356,[],https://www.countryflags.com/en/flag-of-malta.html,malta-flag.svg
Brunei,Bandar Seri Begawan,Asia,"Malay, English",Unitary Islamic absolute monarchy,415717,1.0,2.0,"['red', 'yellow', 'white', 'black']","['animals', 'circles', 'diagonal stripes', 'emblem', 'people', 'text']",-,1959,-,2226,5765,187,72,237,381,"brunei dollar $ (bnd), singapore dollar $ (sgd)",utc+08:00,utc+08:00,bn,brn,096,+673,['malaysia'],https://www.countryflags.com/en/flag-of-brunei.html,brunei-flag.svg
The Bahamas,Nassau,North America,English,Unitary parliamentary constitutional monarchy,396451,1.0,2.0,"['blue', 'yellow', 'black']","['horizontal stripes', 'triangles']",1973,1973,1973,5383,13943,74,28,0,0,bahamian dollar $ (bsd),utc-05:00,utc-04:00,bs,bhs,044,+1242,[],https://www.countryflags.com/en/flag-of-bahamas-the.html,bahamas-flag.svg
The Maldives,Malé,Asia,Maldivian (Dhivehi),Unitary presidential constitutional republic,341256,2.0,3.0,"['red', 'white', 'green']",['moon'],1926,1965,1965,116,300,2946,1138,0,0,maldivian rufiyaa .ރ (mvr),utc+05:00,utc+05:00,mv,mdv,462,+960,[],https://www.countryflags.com/en/flag-of-maldives-the.html,maldives-flag.svg
Belize,Belmopan,North America,English,Unitary parliamentary constitutional monarchy,340844,2.0,3.0,"['blue', 'red']","['boat', 'circles', 'emblem', 'grass', 'horizontal stripes', 'leaves', 'people', 'shields', 'text', 'trees', 'weapons']",1981,1981,1981,8867,22966,38,15,321,516,belize dollar $ (bzd),utc-06:00,utc-06:00,bz,blz,084,+51,"['guatemala', 'mexico']",https://www.countryflags.com/en/flag-of-belize.html,belize-flag.svg
Iceland,Reykjavík,Europe,Icelandic,Unitary parliamentary constitutional republic,331310,18.0,25.0,"['blue', 'red', 'white']",['cross'],-,1944,-,39769,103000,8,3,0,0,icelandic króna kr (isk),utc+00:00,utc+00:00,is,isl,352,+354,[],https://www.countryflags.com/en/flag-of-iceland.html,iceland-flag.svg
Barbados,Bridgetown,North America,English,Einheitliche parlamentarische konstitutionelle Monarchie,277821,2.0,3.0,"['blue', 'yellow', 'black']","['emblem', 'vertical stripes', 'weapons']",-,1966,-,166,430,1673,646,0,0,barbadian dollar $ (bbd),utc-04:00,utc-04:00,bb,brb,052,+1246,[],https://www.countryflags.com/en/flag-of-barbados.html,barbados-flag.svg
São Tomé and Príncipe,São Tomé,Africa,Portuguese,Unitary semi-presidential republic,194388,1.0,2.0,"['red', 'green', 'yellow', 'black']","['horizontal stripes', 'stars', 'triangles']",1975,1975,1975,372,964,522,202,0,0,são tomé and príncipe dobra db (std),utc+00:00,utc+00:00,st,stp,678,+239,[],https://www.countryflags.com/en/flag-of-sao-tome-and-principe.html,sao-tome-and-principe-flag.svg
Samoa,Apia,Oceania,"Samoan, English",Unitary parliamentary republic,187820,1.0,2.0,"['blue', 'red', 'white']","['rectangle', 'stars']",-,1949,-,1097,2842,171,66,0,0,samoan tālā t (wst),utc+13:00,utc+14:00,ws,wsm,882,+685,[],https://www.countryflags.com/en/flag-of-samoa.html,samoa-flag.svg
Saint Lucia,Castries,South America,English,Parliamentary democracy under constitutional monarchy,186000,1.0,2.0,"['blue', 'yellow', 'white', 'black']","['emblem', 'plain', 'triangles']",1967,1979,2002,238,616,782,302,0,0,east caribbean dollar $ (xcd),utc-04:00,utc-04:00,lc,lca,662,+1758,[],https://www.countryflags.com/en/flag-of-saint-lucia.html,saint-lucia-flag.svg
Kiribati,Tarawa,Oceania,"English, Gilbertese",Presidential republic,113400,1.0,2.0,"['blue', 'red', 'yellow', 'white']","['animals', 'river', 'sun']",1979,1979,1979,313,811,362,140,0,0,"australian dollar $ (aud), kiribati dollar $","utc+12:00, +13:00, +14:00","utc+12:00, +13:00, +14:00",ki,kir,296,+686,[],https://www.countryflags.com/en/flag-of-kiribati.html,kiribati-flag.svg
Saint Vincent and the Grenadines,Kingstown,South America,English,Parliamentary democracy under constitutional monarchy,109455,2.0,3.0,"['blue', 'green', 'yellow']","['emblem', 'vertical stripes']",1985,1985,1985,150,389,729,281,0,0,east caribbean dollar $ (xcd),utc-04:00,utc-04:00,vc,vct,670,+1784,[],https://www.countryflags.com/en/flag-of-saint-vincent-and-the-grenadines.html,saint-vincent-and-the-grenadines-flag.svg
Grenada,St. George's,North America,English,parliamentary monarchy,103328,3.0,5.0,"['red', 'green', 'yellow']","['circles', 'stars', 'triangles']",1974,1974,1974,133,344,778,300,0,0,east caribbean dollar $ (xcd),utc-04:00,utc-04:00,gd,grd,308,+1473,[],https://www.countryflags.com/en/flag-of-grenada.html,grenada-flag.svg
Tonga,Nuku’alofa,Oceania,"Tongan, English",Unitary parliamentary constitutional monarchy,103252,1.0,2.0,"['red', 'white']","['cross', 'plain', 'rectangle']",1674,1875,1875,288,747,358,138,0,0,tongan paʻanga t$ (top),utc+13:00,utc+13:00,to,ton,776,+676,[],https://www.countryflags.com/en/flag-of-tonga.html,tonga-flag.svg
The Federated States of Micronesia,Palikir,Oceania,English,Federal representative democratic republic,102800,10.0,19.0,"['blue', 'white']","['plain', 'stars']",1965,1979,1979,271,702,379,146,0,0,"micronesian dollar $, united states dollar $ (usd)",utc+11:00,utc+11:00,fm,fsm,583,+691,[],https://www.countryflags.com/en/flag-of-micronesia.html,micronesia-flag.svg
Antigua and Barbuda,Saint John's,North America,English,Parliamentary democracy under constitutional monarchy,93183,2.0,3.0,"['blue', 'red', 'yellow', 'white', 'black']","['sun', 'triangles']",1967,1967,-,171,442,546,211,0,0,east caribbean dollar $ (xcd),utc-04:00,utc-04:00,ag,atg,028,+1268,[],https://www.countryflags.com/en/flag-of-antigua-and-barbuda.html,antigua-and-barbuda-flag.svg
The Seychelles,Victoria,Africa,"French, English, Seychellois, Creole",Presidential republic,91400,1.0,2.0,"['blue', 'green', 'red', 'yellow', 'white']",['diagonal stripes'],1996,1996,1996,175,452,524,202,0,0,seychellois rupee ₨ (scr),utc+04:00,utc+04:00,sc,syc,690,+248,[],https://www.countryflags.com/en/flag-of-seychelles-the.html,seychelles-flag.svg
Andorra,Andorra la Vella,Europe,Catalan,Unitary parliamentary diarchy,72090,7.0,10.0,"['blue', 'red', 'yellow']","['animals', 'emblem', 'text', 'vertical stripes']",1866,1971,1971,181,468,399,154,75,120,euro € (eur),utc+01:00,utc+02:00,ad,and,020,+376,"['france', 'spain']",https://www.countryflags.com/en/flag-of-andorra.html,andorra-flag.svg
Dominica,Roseau,North America,English,Unitary parliamentary republic,71293,1.0,2.0,"['red', 'green', 'yellow', 'white', 'black', 'brown', 'purple']","['animals', 'circles', 'cross', 'horizontal stripes', 'stars', 'vertical stripes']",1978,1990,1990,290,751,246,95,0,0,east caribbean dollar $ (xcd),utc-04:00,utc-04:00,dm,dma,212,+1767,[],https://www.countryflags.com/en/flag-of-dominica.html,dominica-flag.svg
The Marshall Islands,Majuro,Oceania,"Marshallese, English",Unitary parliamentary republic,54880,10.0,19.0,"['blue', 'white', 'orange']","['diagonal stripes', 'stars']",1979,1979,1979,70,181,785,303,0,0,united states dollar $ (usd),utc+12:00,utc+12:00,mh,mhl,584,+692,[],https://www.countryflags.com/en/flag-of-marshall-islands-the.html,marshall-islands-flag.svg
Saint Kitts and Nevis,Basseterre,North America,English,Parliamentary democracy under federal constitutional monarchy,46204,2.0,3.0,"['red', 'green', 'yellow', 'white', 'black']","['diagonal stripes', 'stars']",1983,1983,1983,101,261,458,177,0,0,east caribbean dollar $ (xcd),utc-04:00,utc-04:00,kn,kna,659,+1869,[],https://www.countryflags.com/en/flag-of-saint-kitts-and-nevis.html,saint-kitts-and-nevis-flag.svg
Monaco,Monaco,Europe,French,Unitary constitutional monarchy,37800,4.0,5.0,"['red', 'white']",['horizontal stripes'],1881,1881,1881,1,2,48466,18713,2,4,euro € (eur),utc+01:00,utc+02:00,mc,mco,492,+377,['france'],https://www.countryflags.com/en/flag-of-monaco.html,monaco-flag.svg
Liechtenstein,Vaduz,Europe,German,Unitary parliamentary Constitutional monarchy,37370,3.0,5.0,"['blue', 'red', 'yellow', 'black']","['crowns', 'horizontal stripes']",-,1937,-,62,160,605,234,47,76,swiss franc fr (chf),utc+01:00,utc+02:00,li,lie,438,+423,"['austria', 'switzerland']",https://www.countryflags.com/en/flag-of-liechtenstein.html,liechtenstein-flag.svg
San Marino,San Marino,Europe,Italian,Unitary parliamentary directorial constitutional republic,32181,3.0,4.0,"['blue', 'white']","['buildings', 'crowns', 'grass', 'horizontal stripes', 'leaves', 'text']",1797,1862,2011,24,61,1366,528,24,39,euro € (eur),utc+01:00,utc+02:00,sm,smr,674,+378,['italy'],https://www.countryflags.com/en/flag-of-san-marino.html,san-marino-flag.svg
Palau,Ngerulmud,Oceania,"Palauan, English",Unitary presidential constitutional republic under a non-partisan democracy,21300,5.0,8.0,"['blue', 'yellow']","['circles', 'plain']",1981,1981,1981,177,459,120,46,0,0,united states dollar $ (usd),utc+09:00,utc+09:00,pw,plw,585,+680,[],https://www.countryflags.com/en/flag-of-palau.html,palau-flag.svg
Tuvalu,Funafuti,Oceania,"Tuvaluan, English",Non-partisan parliamentary democracy under constitutional monarchy,10640,1.0,2.0,"['blue', 'red', 'yellow', 'white']","['rectangle', 'stars', 'union jack']",1978,1997,1997,10,26,1060,409,0,0,"australian dollar $ (aud), tuvaluan dollar $",utc+12:00,utc+12:00,tv,tuv,798,+688,[],https://www.countryflags.com/en/flag-of-tuvalu.html,tuvalu-flag.svg
Nauru,Yaren,Oceania,"Nauruan, English",Non-partisan democracy Parliamentary republic,10084,1.0,2.0,"['blue', 'yellow', 'white']","['horizontal stripes', 'stars']",1968,1968,1968,8,21,1244,480,0,0,"australian dollar $ (aud), nauruan dollar $",utc+12:00,utc+12:00,nr,nru,520,+674,[],https://www.countryflags.com/en/flag-of-nauru.html,nauru-flag.svg
Niue,Alofi,Oceania,"Niuean, English",Unitary parliamentary constitutional monarchy,1470,1.0,2.0,['yellow'],"['circles', 'rectangle', 'stars', 'union jack']",-,1975,-,100,260,15,6,0,0,"new zealand dollar $ (nzd), niue dollar $",utc-11:00,utc-11:00,nu,niu,570,+683,[],https://www.countryflags.com/en/flag-of-niue.html,niue-flag.svg
Vatican City - the Holy See,Vatican City,Europe,Italian,"Absolute monarchy, ecclesiastical and elective theocracy",839,1.0,1.0,"['yellow', 'white']","['crowns', 'emblem', 'square', 'vertical stripes']",-,1929,-,0,0,4939,1907,2,3,euro € (eur),utc+01:00,utc+02:00,va,vat,336,+3906,['italy'],https://www.countryflags.com/en/flag-of-vatican-city.html,vatican-city-flag.svg
